acc_xVar,acc_yVar,acc_zVar,roll_var,yall_var,pitch_var
1.1093356479670479e-31,2.319649980962277e-07,0.0013507131924019814,2.938735877055719e-39,2.938735877055719e-39,0.0
