acc_xOfset,acc_yOfset,acc_zOfset,gyr_rollOfset,gyr_pitchOfset,gyr_yallOfset
0.000614892578125,0.0,0.036052264404297575,-0.00026646248122050824,0.0,-0.00026646248122050824
