acc_xVar,acc_yVar,acc_zVar,roll_var,yall_var,pitch_var
0.00018866834843397134,0.0,0.0007275865833159941,2.938735877055719e-39,2.938735877055719e-39,0.0
